M,vorname,geschlecht,position
42,Noah,m,1
40,Emil,m,1
37,Sophie,w,2
36,Ida,w,1
35,Mia,w,1
35,Oskar,m,1
32,Emma,w,1
32,Levi,m,1
31,Adam,m,1
30,Emilia,w,1
29,Theo,m,1
27,Anton,m,1
27,Elias,m,1
27,Emilia,w,2
26,Leni,w,1
26,Leo,m,1
25,Leon,m,1
25,Liam,m,1
24,Helena,w,1
24,Lotta,w,1
24,Henry,m,1
24,Karl,m,1
24,Milo,m,1
23,Ella,w,1
23,Mila,w,1
23,Elisabeth,w,2
23,Marie,w,2
22,Mathilda,w,1
22,Jonathan,m,1
21,Alma,w,1
21,Charlotte,w,1
21,Clara,w,1
21,Johanna,w,1
21,Luna,w,1
21,Thea,w,1
21,Arthur,m,1
21,Ben,m,1
21,Bruno,m,1
21,Matteo,m,1
21,Maximilian,m,1
20,Frieda,w,1
20,Hanna,w,1
20,Malia,w,1
20,Alexander,m,1
20,Emilio,m,1
20,Finn,m,1
20,Moritz,m,1
20,Valentin,m,1
20,Luise,w,2
19,Alva,w,1
19,Lara,w,1
19,Mara,w,1
19,Fritz,m,1
19,Paul,m,1
19,Charlotte,w,2
18,Nora,w,1
18,Franz,m,1
18,Lio,m,1
18,Alexander,m,2
17,Emily,w,1
17,Lina,w,1
17,Marie,w,1
17,Mira,w,1
17,Konstantin,m,1
17,Mika,m,1
17,Milan,m,1
17,Samuel,m,1
16,Elena,w,1
16,Olivia,w,1
16,Aaron,m,1
16,Alfred,m,1
16,Johann,m,1
16,Jonas,m,1
16,Theodor,m,1
16,Vincent,m,1
15,Maja,w,1
15,Sophia,w,1
15,Tilda,w,1
15,Carlo,m,1
15,Lukas,m,1
15,Emil,m,2
14,Anna,w,1
14,Juna,w,1
14,Leonie,w,1
14,Jonah,m,1
14,Linus,m,1
14,Luca,m,1
14,Maria,w,2
14,Karl,m,2
14,Valentin,m,2
13,Amelie,w,1
13,Hannah,w,1
13,Lea,w,1
13,Lena,w,1
13,Lia,w,1
13,Merle,w,1
13,Sofia,w,1
13,Louis,m,1
13,Malte,m,1
13,Valentina,w,2
13,Elias,m,2
13,Maximilian,m,2
12,Amalia,w,1
12,Lilly,w,1
12,Maria,w,1
12,Pauline,w,1
12,Felix,m,1
12,Fynn,m,1
12,Jakob,m,1
12,Kurt,m,1
12,Matheo,m,1
12,Ole,m,1
11,Eva,w,1
11,Flora,w,1
11,Malina,w,1
11,Matilda,w,1
11,Maya,w,1
11,Paula,w,1
11,Sophie,w,1
11,Bela,m,1
11,Leonard,m,1
10,Alina,w,1
10,Antonia,w,1
10,Jette,w,1
10,Julia,w,1
10,Klara,w,1
10,Martha,w,1
10,Nele,w,1
10,Rosa,w,1
10,Wilma,w,1
10,Amir,m,1
10,David,m,1
10,Willi,m,1
10,Lou,w,2
10,David,m,2
10,Michael,m,2
10,Theodor,m,2
9,Amelia,w,1
9,Amira,w,1
9,Ayla,w,1
9,Finja,w,1
9,Freya,w,1
9,Frida,w,1
9,Hilda,w,1
9,Liv,w,1
9,Lotte,w,1
9,Marlene,w,1
9,Rosalie,w,1
9,Valentina,w,1
9,Albert,m,1
9,Ali,m,1
9,Daniel,m,1
9,Henri,m,1
9,Jaro,m,1
9,Jasper,m,1
9,Jona,m,1
9,Leopold,m,1
9,Max,m,1
9,Mohammed,m,1
9,Taavi,m,1
9,Till,m,1
9,Helene,w,2
9,Johanna,w,2
9,Alfred,m,2
9,Johann,m,2
9,Otto,m,2
9,Pepe,m,2
9,Peter,m,2
8,Amina,w,1
8,Aurelia,w,1
8,Elina,w,1
8,Elisa,w,1
8,Fiona,w,1
8,Fritzi,w,1
8,Holly,w,1
8,Livia,w,1
8,Luisa,w,1
8,Luise,w,1
8,Malou,w,1
8,Marla,w,1
8,Milena,w,1
8,Paulina,w,1
8,Pia,w,1
8,Ruby,w,1
8,Sarah,w,1
8,Arian,m,1
8,Benjamin,m,1
8,Dario,m,1
8,Erik,m,1
8,Fred,m,1
8,Friedrich,m,1
8,Gustav,m,1
8,Hugo,m,1
8,Janosch,m,1
8,Joshua,m,1
8,Julius,m,1
8,Luis,m,1
8,Mark,m,1
8,Maxim,m,1
8,Neo,m,1
8,Oliver,m,1
8,Otto,m,1
8,Rayan,m,1
8,Richard,m,1
8,Robin,m,1
8,Luisa,w,2
8,Marlene,w,2
8,Rosalie,w,2
8,Friedrich,m,2
8,Gabriel,m,2
8,Noah,m,2
7,Ada,w,1
7,Adelina,w,1
7,Edda,w,1
7,Elise,w,1
7,Henriette,w,1
7,Isabella,w,1
7,Lilith,w,1
7,Linda,w,1
7,Mariella,w,1
7,Nina,w,1
7,Ronja,w,1
7,Selma,w,1
7,Tessa,w,1
7,August,m,1
7,Charlie,m,1
7,Edgar,m,1
7,Gabriel,m,1
7,Kilian,m,1
7,Lasse,m,1
7,Levin,m,1
7,Lino,m,1
7,Maleo,m,1
7,Mohammad,m,1
7,Nelio,m,1
7,Nino,m,1
7,Piet,m,1
7,Aurelia,w,2
7,Arthur,m,2
7,August,m,2
7,Daniel,m,2
6,Carlotta,w,1
6,Helene,w,1
6,Hermine,w,1
6,Kaya,w,1
6,Laura,w,1
6,Lene,w,1
6,Luana,w,1
6,Mathea,w,1
6,Milana,w,1
6,Miriam,w,1
6,Yara,w,1
6,Yuna,w,1
6,Adrian,m,1
6,Benno,m,1
6,Erwin,m,1
6,Frederik,m,1
6,Hannes,m,1
6,Johannes,m,1
6,Justus,m,1
6,Malik,m,1
6,Mats,m,1
6,Matti,m,1
6,Mio,m,1
6,Omar,m,1
6,Pepe,m,1
6,Raphael,m,1
6,Simon,m,1
6,Tim,m,1
6,Wilhelm,m,1
6,Younes,m,1
6,Carlotta,w,2
6,Edith,w,2
6,Elise,w,2
6,Frieda,w,2
6,Ida,w,2
6,Jane,w,2
6,Katharina,w,2
6,Lilly,w,2
6,Louise,w,2
6,Vy,w,2
6,Finn,m,2
6,Fritz,m,2
6,Georg,m,2
6,Jakob,m,2
6,Levi,m,2
6,Ludwig,m,2
6,Maxim,m,2
6,Oliver,m,2
6,Paul,m,2
6,Richard,m,2
5,Amy,w,1
5,Anastasia,w,1
5,Anouk,w,1
5,Aylin,w,1
5,Carla,w,1
5,Diana,w,1
5,Eleni,w,1
5,Eliana,w,1
5,Elisabeth,w,1
5,Hedda,w,1
5,Karlotta,w,1
5,Layan,w,1
5,Leonora,w,1
5,Lily,w,1
5,Lucia,w,1
5,Mariam,w,1
5,Mathilde,w,1
5,Melina,w,1
5,Melissa,w,1
5,Stella,w,1
5,Talia,w,1
5,Tamara,w,1
5,Valeria,w,1
5,Victoria,w,1
5,Ylva,w,1
5,Zoe,w,1
5,Ahmad,m,1
5,Amin,m,1
5,Aron,m,1
5,Colin,m,1
5,Elio,m,1
5,Enno,m,1
5,Fabian,m,1
5,Fiete,m,1
5,Florian,m,1
5,Jannis,m,1
5,Jason,m,1
5,Josef,m,1
5,Leander,m,1
5,Lian,m,1
5,Luke,m,1
5,Mads,m,1
5,Manuel,m,1
5,Marlo,m,1
5,Marlon,m,1
5,Michael,m,1
5,Mohamed,m,1
5,Muhammad,m,1
5,Nils,m,1
5,Rafael,m,1
5,Thiago,m,1
5,Tilo,m,1
5,Titus,m,1
5,Tom,m,1
5,Dorothea,w,2
5,Elisa,w,2
5,Hope,w,2
5,Lotta,w,2
5,Lotte,w,2
5,Mathilda,w,2
5,Pauline,w,2
5,Victoria,w,2
5,Anton,m,2
5,Benjamin,m,2
5,Bo,m,2
5,Emilio,m,2
5,Felix,m,2
5,Gustav,m,2
5,Hans,m,2
5,Joachim,m,2
5,Joel,m,2
5,Johannes,m,2
5,Jonah,m,2
5,Leon,m,2
5,Matteo,m,2
5,Max,m,2
5,Minh,m,2
5,Noel,m,2
5,Stefan,m,2
5,Theo,m,2
4,Adele,w,1
4,Alea,w,1
4,Alice,w,1
4,Amal,w,1
4,Amanda,w,1
4,Amara,w,1
4,Amaya,w,1
4,Arya,w,1
4,Ava,w,1
4,Bella,w,1
4,Cleo,w,1
4,Elaf,w,1
4,Evelyn,w,1
4,Florentine,w,1
4,Hedi,w,1
4,Heidi,w,1
4,Isabell,w,1
4,Jasmin,w,1
4,Jonna,w,1
4,Kim,w,1
4,Kleo,w,1
4,Lana,w,1
4,Liliana,w,1
4,Lilli,w,1
4,Lola,w,1
4,Lou,w,1
4,Lucie,w,1
4,Lucy,w,1
4,Malea,w,1
4,Mina,w,1
4,Mona,w,1
4,Salome,w,1
4,Sila,w,1
4,Theresa,w,1
4,Valerie,w,1
4,Ahmed,m,1
4,Ari,m,1
4,Constantin,m,1
4,Diego,m,1
4,Dominik,m,1
4,Emilian,m,1
4,Enzo,m,1
4,Ferdinand,m,1
4,Gregor,m,1
4,Hamza,m,1
4,Hans,m,1
4,Ilyas,m,1
4,Ivar,m,1
4,Jacob,m,1
4,Jan,m,1
4,Jannik,m,1
4,Jari,m,1
4,Julian,m,1
4,Juri,m,1
4,Karim,m,1
4,Kian,m,1
4,Leano,m,1
4,Leonardo,m,1
4,Lucas,m,1
4,Ludwig,m,1
4,Mailo,m,1
4,Mattis,m,1
4,Nathan,m,1
4,Nico,m,1
4,Niklas,m,1
4,Oscar,m,1
4,Philipp,m,1
4,Samir,m,1
4,Youssef,m,1
4,Alexandra,w,2
4,Amalia,w,2
4,Bella,w,2
4,Clara,w,2
4,Elaine,w,2
4,Elea,w,2
4,Ella,w,2
4,Emma,w,2
4,Florentine,w,2
4,Jasmin,w,2
4,Julie,w,2
4,Kathrin,w,2
4,Lilith,w,2
4,Magdalena,w,2
4,Malea,w,2
4,Malia,w,2
4,Malou,w,2
4,Margarete,w,2
4,May,w,2
4,Mia,w,2
4,Rahel,w,2
4,Rose,w,2
4,Ruth,w,2
4,Sophia,w,2
4,Thea,w,2
4,Andreas,m,2
4,André,m,2
4,Christian,m,2
4,Elio,m,2
4,Emanuel,m,2
4,Franz,m,2
4,Helmut,m,2
4,Jonathan,m,2
4,Kurt,m,2
4,Leander,m,2
4,Leopold,m,2
4,Liam,m,2
4,Lou,m,2
4,Louis,m,2
4,Luca,m,2
4,Martin,m,2
4,Patrick,m,2
4,Anh,w,3
3,Alia,w,1
3,Anni,w,1
3,Aria,w,1
3,Ariana,w,1
3,Aurora,w,1
3,Eileen,w,1
3,Elli,w,1
3,Ellie,w,1
3,Eloise,w,1
3,Evin,w,1
3,Gerda,w,1
3,Hailey,w,1
3,Hazel,w,1
3,Isabelle,w,1
3,Karolina,w,1
3,Katharina,w,1
3,Kiara,w,1
3,Kira,w,1
3,Käthe,w,1
3,Lilia,w,1
3,Linnea,w,1
3,Lore,w,1
3,Louisa,w,1
3,Majvi,w,1
3,Margarethe,w,1
3,Mascha,w,1
3,Mirabella,w,1
3,Nada,w,1
3,Nela,w,1
3,Nila,w,1
3,Pina,w,1
3,Raya,w,1
3,Rose,w,1
3,Runa,w,1
3,Samira,w,1
3,Sandy,w,1
3,Smilla,w,1
3,Sofie,w,1
3,Tala,w,1
3,Viktoria,w,1
3,Wanda,w,1
3,Wilhelmine,w,1
3,Xenia,w,1
3,Zainab,w,1
3,Aiden,m,1
3,Alessio,m,1
3,Alwin,m,1
3,Amar,m,1
3,Anuk,m,1
3,Arvid,m,1
3,Ayan,m,1
3,Baran,m,1
3,Benedikt,m,1
3,Bilal,m,1
3,Bjarne,m,1
3,Björn,m,1
3,Can,m,1
3,Carl,m,1
3,Caspar,m,1
3,Charly,m,1
3,Christian,m,1
3,Clemens,m,1
3,Cosmo,m,1
3,Damian,m,1
3,Eddie,m,1
3,Eddy,m,1
3,Ezra,m,1
3,Fabio,m,1
3,Felipe,m,1
3,Fjonn,m,1
3,Frederick,m,1
3,Fridolin,m,1
3,Hendrik,m,1
3,Ian,m,1
3,Issa,m,1
3,Jano,m,1
3,Jaron,m,1
3,Jonte,m,1
3,Joris,m,1
3,Junis,m,1
3,Karlo,m,1
3,Keno,m,1
3,Khalid,m,1
3,Kolja,m,1
3,Kuno,m,1
3,Laurenz,m,1
3,Laurin,m,1
3,Lennard,m,1
3,Lennox,m,1
3,Lenny,m,1
3,Lewis,m,1
3,Liano,m,1
3,Lion,m,1
3,Lionel,m,1
3,Luan,m,1
3,Luka,m,1
3,Magnus,m,1
3,Marek,m,1
3,Marley,m,1
3,Mattheo,m,1
3,Michel,m,1
3,Miro,m,1
3,Niclas,m,1
3,Noel,m,1
3,Otis,m,1
3,Robert,m,1
3,Samu,m,1
3,Sanad,m,1
3,Taim,m,1
3,Thomas,m,1
3,Thore,m,1
3,Timo,m,1
3,Valerian,m,1
3,Viktor,m,1
3,Vito,m,1
3,Willem,m,1
3,William,m,1
3,Yasin,m,1
3,Younis,m,1
3,Yusef,m,1
3,Zaid,m,1
3,Zain,m,1
3,Zayn,m,1
3,Adele,w,2
3,Amelie,w,2
3,Antonia,w,2
3,Aurora,w,2
3,Elizabeth,w,2
3,Ellen,w,2
3,Erika,w,2
3,Eva,w,2
3,Hanna,w,2
3,Isabella,w,2
3,Josefine,w,2
3,Josephine,w,2
3,Karlotta,w,2
3,Kaur,w,2
3,Lina,w,2
3,Linn,w,2
3,Liv,w,2
3,Louisa,w,2
3,Lucia,w,2
3,Mai,w,2
3,Malu,w,2
3,Martha,w,2
3,Mathilde,w,2
3,Matilda,w,2
3,Monika,w,2
3,Olivia,w,2
3,Rosa,w,2
3,Salome,w,2
3,Sofia,w,2
3,Adam,m,2
3,Adrian,m,2
3,Albert,m,2
3,An,m,2
3,Arvid,m,2
3,Bela,m,2
3,Ben,m,2
3,Bernd,m,2
3,Carl,m,2
3,Dieter,m,2
3,Eduard,m,2
3,Elia,m,2
3,Elliot,m,2
3,Emilian,m,2
3,Frederik,m,2
3,Günter,m,2
3,Henri,m,2
3,Henry,m,2
3,Horst,m,2
3,Hugo,m,2
3,James,m,2
3,Jan,m,2
3,Jano,m,2
3,Julius,m,2
3,Konrad,m,2
3,Lasse,m,2
3,Leo,m,2
3,Luis,m,2
3,Magnus,m,2
3,Manfred,m,2
3,Mario,m,2
3,Mateo,m,2
3,Ole,m,2
3,Philipp,m,2
3,Ragnar,m,2
3,Robert,m,2
3,Samuel,m,2
3,Sebastian,m,2
3,Thomas,m,2
3,Tobias,m,2
3,Valentino,m,2
3,Wilhelm,m,2
3,Wolfgang,m,2
3,Maria,w,3
2,Aaliyah,w,1
2,Aisha,w,1
2,Alba,w,1
2,Alessia,w,1
2,Alexandra,w,1
2,Alisa,w,1
2,Amilia,w,1
2,Annabelle,w,1
2,Annelie,w,1
2,Ariane,w,1
2,Arina,w,1
2,Asal,w,1
2,Asena,w,1
2,Athena,w,1
2,Bonnie,w,1
2,Carolina,w,1
2,Celina,w,1
2,Coco,w,1
2,Daria,w,1
2,Delia,w,1
2,Edith,w,1
2,Elana,w,1
2,Eleanor,w,1
2,Eleonora,w,1
2,Eleyna,w,1
2,Elia,w,1
2,Elin,w,1
2,Elly,w,1
2,Elsie,w,1
2,Enna,w,1
2,Enya,w,1
2,Erva,w,1
2,Felina,w,1
2,Fenja,w,1
2,Franka,w,1
2,Freda,w,1
2,Giulia,w,1
2,Greta,w,1
2,Halima,w,1
2,Hanin,w,1
2,Hanni,w,1
2,Hayley,w,1
2,Hilde,w,1
2,Irma,w,1
2,Isra,w,1
2,Ivana,w,1
2,Jana,w,1
2,Janna,w,1
2,Janne,w,1
2,Jara,w,1
2,Jasmina,w,1
2,Jasmine,w,1
2,Jella,w,1
2,Joleen,w,1
2,Josephine,w,1
2,Judith,w,1
2,Juliana,w,1
2,Juliane,w,1
2,Juni,w,1
2,Junis,w,1
2,Karla,w,1
2,Khadija,w,1
2,Larisa,w,1
2,Leah,w,1
2,Leana,w,1
2,Leen,w,1
2,Lenia,w,1
2,Leony,w,1
2,Liana,w,1
2,Lilian,w,1
2,Lillian,w,1
2,Lima,w,1
2,Liviana,w,1
2,Liya,w,1
2,Loreley,w,1
2,Louise,w,1
2,Lovis,w,1
2,Lua,w,1
2,Lucinda,w,1
2,Lynn,w,1
2,Magda,w,1
2,Manisa,w,1
2,Margarete,w,1
2,Mari,w,1
2,Marika,w,1
2,Marta,w,1
2,Maryam,w,1
2,Masa,w,1
2,Massa,w,1
2,Medina,w,1
2,Melia,w,1
2,Melodie,w,1
2,Melody,w,1
2,Michelle,w,1
2,Milea,w,1
2,Milla,w,1
2,Millie,w,1
2,Mirha,w,1
2,Nami,w,1
2,Nathalie,w,1
2,Neele,w,1
2,Ngọc,w,1
2,Nilay,w,1
2,Noura,w,1
2,Ophelia,w,1
2,Philine,w,1
2,Polina,w,1
2,Princess,w,1
2,Priya,w,1
2,Rahel,w,1
2,Ria,w,1
2,Rita,w,1
2,Romy,w,1
2,Rubi,w,1
2,Salma,w,1
2,Sanna,w,1
2,Sefora,w,1
2,Skadi,w,1
2,Solea,w,1
2,Svea,w,1
2,Tabea,w,1
2,Taia,w,1
2,Tamina,w,1
2,Tara,w,1
2,Tiana,w,1
2,Trieu,w,1
2,Tulin,w,1
2,Vivien,w,1
2,Yasmina,w,1
2,Ylvi,w,1
2,Zeinab,w,1
2,Zoey,w,1
2,Zora,w,1
2,Zoë,w,1
2,Łucja,w,1
2,Abdulkader,m,1
2,Adem,m,1
2,Adrián,m,1
2,Alan,m,1
2,Alex,m,1
2,Alvar,m,1
2,Alvin,m,1
2,Ammar,m,1
2,Anas,m,1
2,Anthony,m,1
2,Aram,m,1
2,Aran,m,1
2,Arlo,m,1
2,Armin,m,1
2,Artur,m,1
2,Artus,m,1
2,Aslan,m,1
2,Augustin,m,1
2,Aurelio,m,1
2,Avi,m,1
2,Ayden,m,1
2,Baldur,m,1
2,Benett,m,1
2,Bennet,m,1
2,Boris,m,1
2,Béla,m,1
2,Casey,m,1
2,Charles,m,1
2,Conan,m,1
2,Damir,m,1
2,Daniil,m,1
2,Dante,m,1
2,Darian,m,1
2,Darius,m,1
2,Dean,m,1
2,Denis,m,1
2,Egon,m,1
2,Elia,m,1
2,Elijah,m,1
2,Elmo,m,1
2,Elyas,m,1
2,Emanuel,m,1
2,Enes,m,1
2,Eric,m,1
2,Farin,m,1
2,Flynn,m,1
2,Frank,m,1
2,Georg,m,1
2,Hanno,m,1
2,Haroun,m,1
2,Hasan,m,1
2,Heinrich,m,1
2,Idris,m,1
2,Ivan,m,1
2,James,m,1
2,Jannes,m,1
2,Jarik,m,1
2,Joel,m,1
2,Johan,m,1
2,John,m,1
2,Jonatan,m,1
2,Josua,m,1
2,Kalle,m,1
2,Karam,m,1
2,Kenai,m,1
2,Kenan,m,1
2,Kenny,m,1
2,Kerem,m,1
2,Klaas,m,1
2,Koa,m,1
2,Kylian,m,1
2,Laith,m,1
2,Leevi,m,1
2,Len,m,1
2,Lennart,m,1
2,Lev,m,1
2,Lias,m,1
2,Loki,m,1
2,Lui,m,1
2,Mael,m,1
2,Mahmoud,m,1
2,Majd,m,1
2,Martin,m,1
2,Mason,m,1
2,Mateo,m,1
2,Mathis,m,1
2,Matias,m,1
2,Matthias,m,1
2,Maël,m,1
2,Mikel,m,1
2,Milán,m,1
2,Mino,m,1
2,Mirac,m,1
2,Miran,m,1
2,Miron,m,1
2,Morris,m,1
2,Musa,m,1
2,Nathanael,m,1
2,Nevio,m,1
2,Nicolas,m,1
2,Nilo,m,1
2,Nolan,m,1
2,Noé,m,1
2,Odin,m,1
2,Osaid,m,1
2,Phileas,m,1
2,Philip,m,1
2,Pino,m,1
2,Quentin,m,1
2,Ravi,m,1
2,Rio,m,1
2,Rocco,m,1
2,Romeo,m,1
2,Rufus,m,1
2,Rune,m,1
2,Sebastian,m,1
2,Stefan,m,1
2,Sultan,m,1
2,Tamino,m,1
2,Tammo,m,1
2,Tamo,m,1
2,Thorin,m,1
2,Tian,m,1
2,Tobias,m,1
2,Tony,m,1
2,Tristan,m,1
2,Umut,m,1
2,Viggo,m,1
2,Vitus,m,1
2,Walter,m,1
2,Willy,m,1
2,Wim,m,1
2,Yaron,m,1
2,Yazan,m,1
2,Yori,m,1
2,Ömer,m,1
2,Adelheid,w,2
2,Alice,w,2
2,Andreea,w,2
2,Anh,w,2
2,Anna,w,2
2,Anneliese,w,2
2,Anni,w,2
2,Anouk,w,2
2,Artemis,w,2
2,Ayla,w,2
2,Bao,w,2
2,Bo,w,2
2,Carla,w,2
2,Celine,w,2
2,Chiamaka,w,2
2,Dmitrìvna,w,2
2,Eleanor,w,2
2,Elin,w,2
2,Elina,w,2
2,Eloise,w,2
2,Else,w,2
2,Emily,w,2
2,Faye,w,2
2,Felicitas,w,2
2,Filippa,w,2
2,Flora,w,2
2,Freya,w,2
2,Fritzi,w,2
2,Hazel,w,2
2,Heidi,w,2
2,Helen,w,2
2,Helga,w,2
2,Henriette,w,2
2,Hermine,w,2
2,Ingrid,w,2
2,Jade,w,2
2,Janne,w,2
2,Joleen,w,2
2,Jolie,w,2
2,Juli,w,2
2,Juliane,w,2
2,June,w,2
2,Kaja,w,2
2,Karolina,w,2
2,Kathleen,w,2
2,Kaya,w,2
2,Käthe,w,2
2,Lea,w,2
2,Lee,w,2
2,Leni,w,2
2,Leonie,w,2
2,Lieselotte,w,2
2,Lily,w,2
2,Luna,w,2
2,Lê,w,2
2,Malaika,w,2
2,Malina,w,2
2,Marlen,w,2
2,Mathea,w,2
2,Mavie,w,2
2,Melina,w,2
2,Michelle,w,2
2,Milena,w,2
2,Minna,w,2
2,Miriam,w,2
2,My,w,2
2,Noemi,w,2
2,Olegìvna,w,2
2,Petra,w,2
2,Phuong,w,2
2,Quinn,w,2
2,Renesmee,w,2
2,Sabine,w,2
2,Selma,w,2
2,Serhiivna,w,2
2,Sibel,w,2
2,Soleil,w,2
2,Soley,w,2
2,Sue,w,2
2,Tjorven,w,2
2,Wilhelmine,w,2
2,Willow,w,2
2,Yael,w,2
2,Zora,w,2
2,Alejandro,m,2
2,Alois,m,2
2,Andrìjovič,m,2
2,Ares,m,2
2,Benedikt,m,2
2,Bruno,m,2
2,Casimir,m,2
2,Christoph,m,2
2,Damian,m,2
2,Dmitrovič,m,2
2,Dominik,m,2
2,Elyas,m,2
2,Erich,m,2
2,Fabian,m,2
2,Falk,m,2
2,Ferdinand,m,2
2,Florian,m,2
2,Fridolin,m,2
2,Gia,m,2
2,Hannes,m,2
2,Harry,m,2
2,Herbert,m,2
2,Ioan,m,2
2,Janosch,m,2
2,Jona,m,2
2,Jonte,m,2
2,Josef,m,2
2,Josue,m,2
2,Julian,m,2
2,Jörg,m,2
2,Kasimir,m,2
2,Konstantin,m,2
2,Laurin,m,2
2,Leano,m,2
2,Leonas,m,2
2,Levin,m,2
2,Linus,m,2
2,Lion,m,2
2,Long,m,2
2,Maddox,m,2
2,Manuel,m,2
2,Marcel,m,2
2,Marcus,m,2
2,Marlo,m,2
2,Matheo,m,2
2,Mattheo,m,2
2,Michel,m,2
2,Mike,m,2
2,Mikkel,m,2
2,Milo,m,2
2,Mohamed,m,2
2,Moritz,m,2
2,Nael,m,2
2,Nam,m,2
2,Neo,m,2
2,Oleksandrovych,m,2
2,Oskar,m,2
2,Ove,m,2
2,Quân,m,2
2,Raik,m,2
2,Raphael,m,2
2,Rasmus,m,2
2,Robin,m,2
2,Rocco,m,2
2,Roland,m,2
2,Rufus,m,2
2,Rune,m,2
2,Sam,m,2
2,Silas,m,2
2,Singh,m,2
2,Sören,m,2
2,Till,m,2
2,Tom,m,2
2,Tùng,m,2
2,Ulrich,m,2
2,Uwe,m,2
2,Viktor,m,2
2,Werner,m,2
2,Willem,m,2
2,Willi,m,2
2,Wladimir,m,2
2,Amalia,w,3
2,Christiane,w,3
2,Daniela,w,3
2,Ella,w,3
2,Emilie,w,3
2,Ines,w,3
2,Luise,w,3
2,Marie,w,3
2,Anh,m,3
2,Gerhard,m,3
2,Lâm,m,3
2,Nam,m,3
2,Paul,m,3
1,Abigail,w,1
1,Adelia,w,1
1,Adelina-Maria,w,1
1,Adna,w,1
1,Adriana,w,1
1,Afra,w,1
1,Agnes,w,1
1,Ahlia,w,1
1,Ai,w,1
1,Aida,w,1
1,Aila,w,1
1,Aiperi,w,1
1,Aischa,w,1
1,Ajla,w,1
1,Alegra,w,1
1,Alemgena,w,1
1,Alena,w,1
1,Alessa,w,1
1,Alexia,w,1
1,Aleyna-Hope,w,1
1,Alicia,w,1
1,Alicja,w,1
1,Alien,w,1
1,Alin,w,1
1,Aline,w,1
1,Alissa,w,1
1,Allison,w,1
1,Almila,w,1
1,Almina,w,1
1,Almuth,w,1
1,Alvi,w,1
1,Alyana,w,1
1,Amadeea,w,1
1,Amalia-Emma,w,1
1,Amalie,w,1
1,Amalya,w,1
1,Amana,w,1
1,Amani,w,1
1,Amany,w,1
1,Ameyali,w,1
1,Amicia,w,1
1,Amilya,w,1
1,Amsha,w,1
1,Amy-Rose,w,1
1,Amöne,w,1
1,An,w,1
1,Ana-Andrea,w,1
1,Ana,w,1
1,Anahid,w,1
1,Anastasia-Isabell,w,1
1,Andrea,w,1
1,Angel-Nika,w,1
1,Angelina,w,1
1,Anielda,w,1
1,Anikó,w,1
1,Anina,w,1
1,Anissa,w,1
1,Anita,w,1
1,Ann,w,1
1,Annabell,w,1
1,Annemarie,w,1
1,Annie,w,1
1,Annika,w,1
1,Anthea,w,1
1,Anuk,w,1
1,Arianna,w,1
1,Ariella,w,1
1,Arwen,w,1
1,Aryana-Beatrice,w,1
1,Asel,w,1
1,Asenat,w,1
1,Ashley,w,1
1,Asija,w,1
1,Asil,w,1
1,Asiya,w,1
1,Asmaa,w,1
1,Asta,w,1
1,Astrid,w,1
1,Asya,w,1
1,Ataina,w,1
1,Atheer,w,1
1,Atina,w,1
1,Atlanta,w,1
1,Audrey,w,1
1,Aura,w,1
1,Aurora-Mayra,w,1
1,Avienda,w,1
1,Awa,w,1
1,Aya,w,1
1,Ayan,w,1
1,Ayleen,w,1
1,Aylina,w,1
1,Aysha,w,1
1,Azya,w,1
1,Azzahra,w,1
1,Babetta,w,1
1,Bana,w,1
1,Beatrice,w,1
1,Beatriz,w,1
1,Behra,w,1
1,Benin,w,1
1,Bente,w,1
1,Berfin,w,1
1,Bertha,w,1
1,Bianca,w,1
1,Bianka,w,1
1,Biona,w,1
1,Briana,w,1
1,Brittany,w,1
1,Bruna,w,1
1,Brunhilda,w,1
1,Calliope,w,1
1,Camí,w,1
1,Carla-Ivana,w,1
1,Carlie,w,1
1,Cassy,w,1
1,Catelyn,w,1
1,Cecilia,w,1
1,Ceyda,w,1
1,Ceylin,w,1
1,Charlie,w,1
1,Charlot,w,1
1,Charly,w,1
1,Chiara,w,1
1,Chikamara,w,1
1,Chimamanda,w,1
1,Chimuasokam,w,1
1,Chloe,w,1
1,Chloé,w,1
1,Chrysanthi,w,1
1,Clea,w,1
1,Cleo-Sophie,w,1
1,Clèa,w,1
1,Colleen,w,1
1,Coralie,w,1
1,Cosima,w,1
1,Costina,w,1
1,Dahlia,w,1
1,Dalal,w,1
1,Dalila,w,1
1,Daliya,w,1
1,Dania,w,1
1,Dariya,w,1
1,Daryna,w,1
1,Davina,w,1
1,Dayanara,w,1
1,Delal,w,1
1,Delwin,w,1
1,Dima,w,1
1,Dimitra,w,1
1,Dlila,w,1
1,Dominika,w,1
1,Donya,w,1
1,Doria,w,1
1,Dorothea,w,1
1,Dua,w,1
1,Duaa,w,1
1,Eda,w,1
1,Eden,w,1
1,Edna,w,1
1,Egle,w,1
1,Eila,w,1
1,Eilyn,w,1
1,Ekram,w,1
1,Ela,w,1
1,Elahijot,w,1
1,Elaine,w,1
1,Elanur,w,1
1,Elaria,w,1
1,Elda,w,1
1,Eldana,w,1
1,Elea-Sophie,w,1
1,Elea,w,1
1,Elettra,w,1
1,Eleyna-Claudia,w,1
1,Elif,w,1
1,Eliora,w,1
1,Elisavet,w,1
1,Elisaveta,w,1
1,Elizabeth,w,1
1,Ellaria,w,1
1,Ellen,w,1
1,Elona,w,1
1,Elva,w,1
1,Elya,w,1
1,Ema,w,1
1,Emelie,w,1
1,Emely,w,1
1,Emi,w,1
1,Emili,w,1
1,Emilia-Laureen,w,1
1,Emilie,w,1
1,Emmie,w,1
1,Emmy,w,1
1,Emylia,w,1
1,Ena,w,1
1,Enie,w,1
1,Enni,w,1
1,Enola,w,1
1,Eowyn,w,1
1,Erija,w,1
1,Erika,w,1
1,Esila,w,1
1,Eslem,w,1
1,Esma,w,1
1,Esmeet,w,1
1,Esra,w,1
1,Estrella-Hermine,w,1
1,Eva-Dorothee,w,1
1,Evana,w,1
1,Evangeline,w,1
1,Evelin,w,1
1,Evelina,w,1
1,Eveline,w,1
1,Evi,w,1
1,Evrata,w,1
1,Ewa,w,1
1,Fabienne,w,1
1,Falak,w,1
1,Falka,w,1
1,Fatima,w,1
1,Fatma,w,1
1,Fatou,w,1
1,Fatouma-Bintou,w,1
1,Faye-Elizabeth,w,1
1,Feleg,w,1
1,Feli,w,1
1,Felicia,w,1
1,Felicitas,w,1
1,Fernanda,w,1
1,Fia,w,1
1,Fibi,w,1
1,Fiella,w,1
1,Fienna,w,1
1,Fina,w,1
1,Fine,w,1
1,Finya,w,1
1,Fiona-Luisa,w,1
1,Flavia,w,1
1,Flore,w,1
1,Floreana,w,1
1,Florence,w,1
1,Florentina,w,1
1,Florentine-Ella,w,1
1,Freyda,w,1
1,Fria,w,1
1,Fridtjof,w,1
1,Fritzy,w,1
1,Fyona,w,1
1,Gabriella,w,1
1,Gemma,w,1
1,Georgina,w,1
1,Geta,w,1
1,Gia,w,1
1,Hafsa,w,1
1,Haily,w,1
1,Hana,w,1
1,Hania,w,1
1,Hanifa,w,1
1,Hannah-Charlotte,w,1
1,Hate,w,1
1,Hava,w,1
1,Hayat,w,1
1,Hayriya,w,1
1,Heli,w,1
1,Helia,w,1
1,Hellen,w,1
1,Hendrika,w,1
1,Henni,w,1
1,Henrike,w,1
1,Hirija,w,1
1,Hiyam,w,1
1,Hope,w,1
1,Hoàng,w,1
1,Hải,w,1
1,Ikranur,w,1
1,Ilaria,w,1
1,Ilia,w,1
1,Ilse,w,1
1,Ilva,w,1
1,Ilvie,w,1
1,Imani,w,1
1,Inga,w,1
1,Iniyal,w,1
1,Io,w,1
1,Irina,w,1
1,Irini,w,1
1,Isalie,w,1
1,Iseult,w,1
1,Isis,w,1
1,Israa,w,1
1,Iva,w,1
1,Ivie,w,1
1,Ivy,w,1
1,Jaina,w,1
1,Jamelia,w,1
1,Jane,w,1
1,Janelle,w,1
1,Jannika,w,1
1,Jelke,w,1
1,Jemima,w,1
1,Jenifrey,w,1
1,Jessica,w,1
1,Jingxi,w,1
1,Johanne,w,1
1,Jolande,w,1
1,Jolanthe,w,1
1,Joliè,w,1
1,Jolle,w,1
1,Josefine,w,1
1,Joud,w,1
1,Jovienne,w,1
1,Joyce,w,1
1,Juli,w,1
1,Julienne,w,1
1,Juliette,w,1
1,June,w,1
1,Juno,w,1
1,Jury,w,1
1,Juventina,w,1
1,Kaja,w,1
1,Kalea,w,1
1,Kamaya,w,1
1,Kamelia,w,1
1,Kami,w,1
1,Kamilla,w,1
1,Karlie,w,1
1,Karolyna,w,1
1,Kati,w,1
1,Katie,w,1
1,Katinka,w,1
1,Kayla-Lou,w,1
1,Kaylie,w,1
1,Kenza,w,1
1,Keziah,w,1
1,Khaula,w,1
1,Kholod,w,1
1,Kiana-Ilona,w,1
1,Kiki,w,1
1,Kimea,w,1
1,Kornelia,w,1
1,Kylie,w,1
1,Käte,w,1
1,Lacy,w,1
1,Laia,w,1
1,Lamea-Diana,w,1
1,Lamis,w,1
1,Lani,w,1
1,Lavinia,w,1
1,Layla,w,1
1,Lefke,w,1
1,Leia,w,1
1,Lelav,w,1
1,Lenja,w,1
1,Lenka,w,1
1,Lennja,w,1
1,Leona,w,1
1,Leonara,w,1
1,Leonarda,w,1
1,Leticia,w,1
1,Letizia,w,1
1,Letti,w,1
1,Leya,w,1
1,Leyona,w,1
1,Lia-Joline,w,1
1,Lianna,w,1
1,Liara-Malaika,w,1
1,Lidia,w,1
1,Liesbeth,w,1
1,Lieselotte,w,1
1,Lilas,w,1
1,Lilo,w,1
1,Lilyana,w,1
1,Linda-Janine,w,1
1,Linh,w,1
1,Linja,w,1
1,Liriana,w,1
1,Lisa,w,1
1,Lisbeth,w,1
1,Liselotte,w,1
1,Livana,w,1
1,Liz,w,1
1,Loki,w,1
1,Lorena,w,1
1,Lorraine,w,1
1,Lottie,w,1
1,Louane,w,1
1,Lubomyra,w,1
1,Luca,w,1
1,Luciana,w,1
1,Lucía,w,1
1,Lui,w,1
1,Luisa-Fatima,w,1
1,Luiza,w,1
1,Lujza,w,1
1,Lulia,w,1
1,Luna-Aaliyha,w,1
1,Luna-Marie,w,1
1,Luzia,w,1
1,Lya,w,1
1,Lyanna,w,1
1,Lydia,w,1
1,Lynnea,w,1
1,Léonie,w,1
1,Mabel,w,1
1,Madeleine,w,1
1,Madita,w,1
1,Madjo,w,1
1,Maeva,w,1
1,Maeve,w,1
1,Magdalene,w,1
1,Maha,w,1
1,Mahalia,w,1
1,Mahra,w,1
1,Mahsa,w,1
1,Mai,w,1
1,Maia,w,1
1,Maike,w,1
1,Maili,w,1
1,Mailin,w,1
1,Maily,w,1
1,Makka,w,1
1,Malak,w,1
1,Maleo,w,1
1,Malia-Jolie,w,1
1,Malia-June,w,1
1,Malia-Lou,w,1
1,Maliah,w,1
1,Malika,w,1
1,Malu,w,1
1,Malva,w,1
1,Manar,w,1
1,Manika,w,1
1,Mara-Luice,w,1
1,Marcelina,w,1
1,Marceline,w,1
1,Margo,w,1
1,Marie-Lucienne,w,1
1,Marie-Luise,w,1
1,Marina,w,1
1,Marit,w,1
1,Marleen,w,1
1,Marlie,w,1
1,Martha-Ophelia,w,1
1,Marwa,w,1
1,Massah,w,1
1,Matea,w,1
1,Mavi,w,1
1,Mavis,w,1
1,Maxi,w,1
1,Maximiliane,w,1
1,Maya-Elise,w,1
1,Mayada,w,1
1,Mayan,w,1
1,Mayla,w,1
1,Maylah,w,1
1,Mayra,w,1
1,Maëli,w,1
1,Meelay,w,1
1,Mehtab,w,1
1,Mel,w,1
1,Melania,w,1
1,Mele,w,1
1,Melody-Sophie,w,1
1,Melona,w,1
1,Meryem,w,1
1,Meta,w,1
1,Meva,w,1
1,Mey,w,1
1,Mia-Eileen,w,1
1,Mia-Magdalena,w,1
1,Mia-Silvia,w,1
1,Mieko,w,1
1,Mika,w,1
1,Mila-Sophie,w,1
1,Milaine,w,1
1,Mileen,w,1
1,Miley,w,1
1,Milkāh,w,1
1,Milli,w,1
1,Milou,w,1
1,Milu,w,1
1,Mimi,w,1
1,Mindy,w,1
1,Minha,w,1
1,Minu,w,1
1,Mirabell,w,1
1,Miral,w,1
1,Miranda,w,1
1,Miroslava,w,1
1,Misk,w,1
1,Moana,w,1
1,Mohala,w,1
1,Mohra,w,1
1,Molie,w,1
1,Monami,w,1
1,Monika,w,1
1,Morea,w,1
1,Myla,w,1
1,Myrian,w,1
1,Mía,w,1
1,Nadea,w,1
1,Naela,w,1
1,Nahla,w,1
1,Nailah,w,1
1,Nala,w,1
1,Nana,w,1
1,Nasteeho,w,1
1,Natalia,w,1
1,Natalija,w,1
1,Naya,w,1
1,Nazret,w,1
1,Naïla,w,1
1,Nea,w,1
1,Nefeli,w,1
1,Nefes,w,1
1,Nejla,w,1
1,Neni,w,1
1,Neva,w,1
1,Nevval,w,1
1,Ngoc,w,1
1,Nica,w,1
1,Nicole,w,1
1,Nika,w,1
1,Nike,w,1
1,Nikola,w,1
1,Nikole,w,1
1,Nil,w,1
1,Njanteh,w,1
1,Noa,w,1
1,Nola,w,1
1,Norah,w,1
1,Nour,w,1
1,Nourhan,w,1
1,Nova,w,1
1,Novie,w,1
1,Noémie,w,1
1,Nura,w,1
1,Oluwakayikunmi,w,1
1,Olympia,w,1
1,Onari,w,1
1,Oona,w,1
1,Orla,w,1
1,Oslin,w,1
1,Paige,w,1
1,Panah,w,1
1,Paolina,w,1
1,Patricia,w,1
1,Penelope,w,1
1,Phuong,w,1
1,Pippa,w,1
1,Polly,w,1
1,Precious,w,1
1,Prisha,w,1
1,Qingyao,w,1
1,Rafaella,w,1
1,Ragna,w,1
1,Raha,w,1
1,Rahma,w,1
1,Raja,w,1
1,Rajana,w,1
1,Raphaela,w,1
1,Rava,w,1
1,Rayhan,w,1
1,Rebeka,w,1
1,Reem,w,1
1,Rehnaaz,w,1
1,Retal,w,1
1,Reyyan,w,1
1,Rhenyra,w,1
1,Rhia,w,1
1,Rikki,w,1
1,Riley,w,1
1,Rima,w,1
1,Rimas,w,1
1,Rina,w,1
1,Rital,w,1
1,Roaa,w,1
1,Rojeen,w,1
1,Roleza,w,1
1,Rolina,w,1
1,Romav,w,1
1,Romina,w,1
1,Rona,w,1
1,Rosa-Jelka,w,1
1,Rosalia,w,1
1,Rosalinde,w,1
1,Rosemarie,w,1
1,Rosie,w,1
1,Rosina,w,1
1,Roya,w,1
1,Rozalia,w,1
1,Ruslien,w,1
1,Ruthie,w,1
1,Sabawit,w,1
1,Sabeth,w,1
1,Sadaf,w,1
1,Sadie,w,1
1,Safija,w,1
1,Safiya,w,1
1,Sali,w,1
1,Sama,w,1
1,Samara,w,1
1,Sana,w,1
1,Sanni,w,1
1,Sara,w,1
1,Saskia,w,1
1,Savneet,w,1
1,Schams,w,1
1,Seleen,w,1
1,Selene,w,1
1,Selia,w,1
1,Selihom,w,1
1,Selina,w,1
1,Semen,w,1
1,Senta,w,1
1,Serafina,w,1
1,Shahd,w,1
1,Sham,w,1
1,Shirin,w,1
1,Sibel-Fatima,w,1
1,Sidra,w,1
1,Silviya,w,1
1,Sina,w,1
1,Siora,w,1
1,Sira,w,1
1,Siwa,w,1
1,Slavena,w,1
1,Sofia-Delia,w,1
1,Sole,w,1
1,Soliana,w,1
1,Solomia,w,1
1,Somaya,w,1
1,Sonja,w,1
1,Sora,w,1
1,Soraya,w,1
1,Stacy,w,1
1,Stephanie,w,1
1,Stina,w,1
1,Sumaya,w,1
1,Sumeyya,w,1
1,Sunny,w,1
1,Svea-Swanwit,w,1
1,Svenja,w,1
1,Taija,w,1
1,Taj,w,1
1,Taleah,w,1
1,Taleen,w,1
1,Talja,w,1
1,Talvi,w,1
1,Tamira,w,1
1,Tasnim,w,1
1,Tebid,w,1
1,Telma,w,1
1,Tenda,w,1
1,Teodora,w,1
1,Thalea,w,1
1,Thea-Amalia,w,1
1,Theda,w,1
1,Theodora,w,1
1,Thilda,w,1
1,Thyra,w,1
1,Thúy-Vy,w,1
1,Tia,w,1
1,Tiffany,w,1
1,Tilia,w,1
1,Tillie,w,1
1,Tilly,w,1
1,Timar,w,1
1,Timeea,w,1
1,Tinka,w,1
1,Toleen,w,1
1,Tollin,w,1
1,Toni,w,1
1,Torvi,w,1
1,Toulin,w,1
1,Tova,w,1
1,Trâm,w,1
1,Tswahan,w,1
1,Tuqa,w,1
1,Tường,w,1
1,Uma,w,1
1,Umaira,w,1
1,Una,w,1
1,Urania,w,1
1,Valea,w,1
1,Vanessa,w,1
1,Vanja,w,1
1,Varvara,w,1
1,Vaya,w,1
1,Vera,w,1
1,Verle,w,1
1,Veronika,w,1
1,Victória,w,1
1,Viola,w,1
1,Violeta,w,1
1,Violetta,w,1
1,Vira,w,1
1,Vivian-Sophie,w,1
1,Vivienne,w,1
1,Vivijana,w,1
1,Vlada,w,1
1,Wateen,w,1
1,Watin,w,1
1,Wilda,w,1
1,Winnie,w,1
1,Yaas,w,1
1,Yael,w,1
1,Yaprak,w,1
1,Ylvie,w,1
1,Yola,w,1
1,Yolanda,w,1
1,Yolandi,w,1
1,Yorkabel,w,1
1,Yossra,w,1
1,Yumi,w,1
1,Yuna-Summer,w,1
1,Yusra,w,1
1,Yustyna,w,1
1,Yuzuki,w,1
1,Yvonne,w,1
1,Yên,w,1
1,Zafirah,w,1
1,Zahra,w,1
1,Zamira,w,1
1,Zaneta-Abieyuwa,w,1
1,Zayna,w,1
1,Zeina,w,1
1,Zelda,w,1
1,Zeyna,w,1
1,Zina,w,1
1,Ziva,w,1
1,Zoe-Marie,w,1
1,Zoya,w,1
1,Zozan,w,1
1,Zoè-Malia,w,1
1,Zoé,w,1
1,Émilie,w,1
1,Aariz,m,1
1,Aayun,m,1
1,Abbas,m,1
1,Abdoul,m,1
1,Abdul,m,1
1,Abdulkarim,m,1
1,Abdullah,m,1
1,Abdulrahman,m,1
1,Abed,m,1
1,Achiko,m,1
1,Adebola,m,1
1,Adonis,m,1
1,Adriaan,m,1
1,Adriano,m,1
1,Adrijanas,m,1
1,Aggelos,m,1
1,Ahed,m,1
1,Ajer,m,1
1,Akop,m,1
1,Akram,m,1
1,Alamin,m,1
1,Alamir,m,1
1,Alaz,m,1
1,Albrecht,m,1
1,Aleo,m,1
1,Alex-Timofiy,m,1
1,Alexandros,m,1
1,Alexandru,m,1
1,Alf,m,1
1,Alfons,m,1
1,Aljosha,m,1
1,Alrik,m,1
1,Alvi,m,1
1,Amadeus,m,1
1,Amadou,m,1
1,Aman,m,1
1,Amaru,m,1
1,Amen,m,1
1,Amier,m,1
1,Amos,m,1
1,Amrit,m,1
1,Anakin,m,1
1,Andre,m,1
1,Andrei-Ștefan,m,1
1,Andrii,m,1
1,Angelos,m,1
1,Anh,m,1
1,Anil,m,1
1,Anis,m,1
1,Anji,m,1
1,Anjo,m,1
1,Ansgar,m,1
1,Antoni,m,1
1,Antonio,m,1
1,Anuar,m,1
1,Arad,m,1
1,Araf,m,1
1,Aras-Nurettin,m,1
1,Ares,m,1
1,Ariel,m,1
1,Arin,m,1
1,Arion,m,1
1,Aris-Arian,m,1
1,Arkadiusz,m,1
1,Arkan,m,1
1,Arman,m,1
1,Arno,m,1
1,Arnold,m,1
1,Arsen,m,1
1,Artemij,m,1
1,Artjom,m,1
1,Artorius,m,1
1,Arvin,m,1
1,Arwin,m,1
1,Astarion,m,1
1,Avalón,m,1
1,Avedis,m,1
1,Avtandil,m,1
1,Awab,m,1
1,Awad,m,1
1,Awraam,m,1
1,Axel,m,1
1,Ayas,m,1
1,Ayaz,m,1
1,Ayhem,m,1
1,Azad,m,1
1,Aziel,m,1
1,Babak,m,1
1,Bao,m,1
1,Bashir-Ud-din,m,1
1,Bastian,m,1
1,Belal,m,1
1,Beli,m,1
1,Bellingham,m,1
1,Ben-Luca,m,1
1,Bence,m,1
1,Bender,m,1
1,Bene,m,1
1,Benedict,m,1
1,Benji,m,1
1,Benne,m,1
1,Bennett,m,1
1,Bennit,m,1
1,Berat,m,1
1,Binjamin,m,1
1,Bodo,m,1
1,Bosse,m,1
1,Brian,m,1
1,Buron,m,1
1,Caius,m,1
1,Camilo,m,1
1,Cari,m,1
1,Carlos,m,1
1,Casey-Emilio,m,1
1,Cato,m,1
1,Cedric,m,1
1,Cem,m,1
1,Chimere,m,1
1,Collin,m,1
1,Conrad,m,1
1,Cooper,m,1
1,Danesh,m,1
1,Danilo,m,1
1,Daniéle,m,1
1,Danny,m,1
1,Danyil,m,1
1,Daris,m,1
1,Daryl,m,1
1,Dave,m,1
1,Deithan,m,1
1,Demid,m,1
1,Deo,m,1
1,Devin,m,1
1,Devran,m,1
1,Dian,m,1
1,Dinh,m,1
1,Djani,m,1
1,Djenan,m,1
1,Domenico,m,1
1,Dominion,m,1
1,Dorian,m,1
1,Doyun,m,1
1,Džibril,m,1
1,Ean,m,1
1,Eddi,m,1
1,Ede,m,1
1,Eden,m,1
1,Edmont,m,1
1,Eduard,m,1
1,Edward,m,1
1,Edwin,m,1
1,Ektoras,m,1
1,Elay,m,1
1,Elhan,m,1
1,Eli,m,1
1,Eliah,m,1
1,Eliano,m,1
1,Elijas,m,1
1,Elin,m,1
1,Eliyas-Tamino,m,1
1,Elián,m,1
1,Elliot,m,1
1,Ellis,m,1
1,Elmar,m,1
1,Elyan,m,1
1,Elyano,m,1
1,Emad,m,1
1,Emil-Maxim,m,1
1,Emilio-Damian,m,1
1,Emilios,m,1
1,Emir,m,1
1,Emmett,m,1
1,Emyl,m,1
1,Ennio,m,1
1,Enrico,m,1
1,Enyo,m,1
1,Enzio,m,1
1,Eris,m,1
1,Etienne,m,1
1,Eusebius,m,1
1,Ewann,m,1
1,Eyas,m,1
1,Ezio,m,1
1,Fadi,m,1
1,Fahad,m,1
1,Fahd,m,1
1,Fahed,m,1
1,Faisal,m,1
1,Fanol,m,1
1,Fares,m,1
1,Farhan,m,1
1,Faris,m,1
1,Fedor,m,1
1,Felician,m,1
1,Fengnian,m,1
1,Ferenc,m,1
1,Ferry,m,1
1,Feyazz,m,1
1,Fidel,m,1
1,Filian,m,1
1,Filippo,m,1
1,Fin,m,1
1,Finnen,m,1
1,Finnick,m,1
1,Finnley,m,1
1,Flint,m,1
1,Floki,m,1
1,Florentin,m,1
1,Floris,m,1
1,Foka-Michay,m,1
1,Forest,m,1
1,Fouaz,m,1
1,Franckyliam,m,1
1,Fred-Otto,m,1
1,Frede,m,1
1,Frederic,m,1
1,Fredrik,m,1
1,Frido,m,1
1,Fridtjof,m,1
1,Friedemann,m,1
1,Friedl,m,1
1,Friedolin,m,1
1,Gabrieli,m,1
1,Gawad,m,1
1,George,m,1
1,Ghaith,m,1
1,Ghayath,m,1
1,Gheorghe,m,1
1,Ghulam,m,1
1,Gian,m,1
1,Gideon,m,1
1,Giuseppe,m,1
1,Glauk,m,1
1,Gustaw,m,1
1,Hadi,m,1
1,Hagen,m,1
1,Halil,m,1
1,Hamdi,m,1
1,Han,m,1
1,Hanish,m,1
1,Hardy,m,1
1,Haron,m,1
1,Harry,m,1
1,Harrys,m,1
1,Haru,m,1
1,Harun,m,1
1,Hasem,m,1
1,Hayden,m,1
1,Hayo,m,1
1,Heinz,m,1
1,Helge,m,1
1,Henning,m,1
1,Henno,m,1
1,Hermes,m,1
1,Hiro,m,1
1,Hosen,m,1
1,Houd,m,1
1,Hoàng,m,1
1,Hussam,m,1
1,Hussein,m,1
1,Héli,m,1
1,Hải,m,1
1,Iair,m,1
1,Ignacy,m,1
1,Ilay-Milano,m,1
1,Ilja,m,1
1,Iman,m,1
1,Immanuel,m,1
1,Isak,m,1
1,Isidor,m,1
1,Issam,m,1
1,Ivo,m,1
1,Jackson,m,1
1,Jad,m,1
1,Jaden,m,1
1,Jake,m,1
1,Jalen,m,1
1,Jamal,m,1
1,Jaman,m,1
1,Jamie,m,1
1,Jamil,m,1
1,Janik,m,1
1,Janis,m,1
1,Janne,m,1
1,Jannick,m,1
1,Jannis-Rainer,m,1
1,Janno,m,1
1,Janosh,m,1
1,Jarle,m,1
1,Jascha,m,1
1,Jasha,m,1
1,Jasko,m,1
1,Jassin,m,1
1,Jawad,m,1
1,Jayden,m,1
1,Jayson,m,1
1,Jelle,m,1
1,Jeppe,m,1
1,Jeremiah,m,1
1,Jeremias,m,1
1,Jeromé,m,1
1,Jesse,m,1
1,Jeyden,m,1
1,Jod,m,1
1,Jonael,m,1
1,Jonne,m,1
1,Joost,m,1
1,Jordi,m,1
1,Jori,m,1
1,Jorik,m,1
1,Joscha,m,1
1,Joschka,m,1
1,Joschua,m,1
1,Joseph,m,1
1,Josias,m,1
1,Joud,m,1
1,Jules,m,1
1,Julien,m,1
1,Juma,m,1
1,Junes,m,1
1,Juno,m,1
1,Jusuf,m,1
1,János,m,1
1,Jöran,m,1
1,Kabhier,m,1
1,Kadence,m,1
1,Kadosh,m,1
1,Kai,m,1
1,Kaihan,m,1
1,Kajus,m,1
1,Kaleb,m,1
1,Kaleo,m,1
1,Kamal,m,1
1,Kamer-Kuitim,m,1
1,Kami,m,1
1,Kareem,m,1
1,Karel,m,1
1,Karl-Dietmar,m,1
1,Karl-Theodor,m,1
1,Kasimir,m,1
1,Kaspar,m,1
1,Kayden,m,1
1,Keanu,m,1
1,Kevin,m,1
1,Keyden,m,1
1,Khaled,m,1
1,Khattab,m,1
1,Kijan,m,1
1,Kilian-Daylen,m,1
1,Kim,m,1
1,Kio,m,1
1,Kirill,m,1
1,Klim,m,1
1,Knut,m,1
1,Konrad,m,1
1,Krishna,m,1
1,Kristian,m,1
1,Kuba,m,1
1,Kusai,m,1
1,Lai,m,1
1,Laron,m,1
1,Lars,m,1
1,Lauri,m,1
1,Lawand,m,1
1,Layth,m,1
1,Laël,m,1
1,Le,m,1
1,Lehel,m,1
1,Lejf,m,1
1,Lejs,m,1
1,Lenni,m,1
1,Lennie,m,1
1,Lennox-Joel,m,1
1,Lennox-Marvin,m,1
1,Leno,m,1
1,Leo-Odin,m,1
1,Leonhard,m,1
1,Leonidas,m,1
1,Levian,m,1
1,Levimatteo,m,1
1,Levio,m,1
1,Levon,m,1
1,Levy,m,1
1,León,m,1
1,Lieselotte,m,1
1,Lima,m,1
1,Limon,m,1
1,Lios,m,1
1,Lius,m,1
1,Liviu,m,1
1,Liyan-Emile,m,1
1,Lián-Naveen,m,1
1,Lo,m,1
1,Loar,m,1
1,Loian,m,1
1,Loke,m,1
1,Lono,m,1
1,Lorenz,m,1
1,Lorenzo,m,1
1,Louis-Elias,m,1
1,Lovis,m,1
1,Lozan,m,1
1,Luca-Aramis,m,1
1,Lucius,m,1
1,Luk,m,1
1,Luo,m,1
1,Luzio,m,1
1,Lyell,m,1
1,Lynus,m,1
1,Lyon,m,1
1,Lysander,m,1
1,László,m,1
1,Léon-Noel,m,1
1,Léonard,m,1
1,Maher,m,1
1,Mahir,m,1
1,Maksim,m,1
1,Mal,m,1
1,Malek,m,1
1,Malio,m,1
1,Mamoun,m,1
1,Marceau,m,1
1,Marcel,m,1
1,Mardin,m,1
1,Marenius,m,1
1,Marian,m,1
1,Marik,m,1
1,Marinus,m,1
1,Marius,m,1
1,Markian,m,1
1,Markiian,m,1
1,Marli,m,1
1,Marten,m,1
1,Marvel,m,1
1,Marvin,m,1
1,Mate,m,1
1,Matei,m,1
1,Mathéo,m,1
1,Mattes,m,1
1,Mattheo-Valentin,m,1
1,Matthies,m,1
1,Matthis,m,1
1,Mattia,m,1
1,Mattwey,m,1
1,Mauro,m,1
1,Maxym,m,1
1,Mayar,m,1
1,Mayas,m,1
1,Mazin,m,1
1,Meletis,m,1
1,Melio,m,1
1,Melvin,m,1
1,Merlin,m,1
1,Mete,m,1
1,Micah,m,1
1,Mick,m,1
1,Mike,m,1
1,Mikhail,m,1
1,Miko,m,1
1,Mikołaj,m,1
1,Milan-Iair,m,1
1,Miles,m,1
1,Milian,m,1
1,Minas,m,1
1,Minh,m,1
1,Mirko,m,1
1,Miroslav,m,1
1,Moayad,m,1
1,Moe,m,1
1,Mohamad,m,1
1,Mohmmad,m,1
1,Moisés,m,1
1,Mordechai,m,1
1,Moses,m,1
1,Mousa,m,1
1,Moussa,m,1
1,Mozzie,m,1
1,Muhamed,m,1
1,Murad,m,1
1,Murat,m,1
1,Muse,m,1
1,Mustafa,m,1
1,Mylo,m,1
1,Nadim,m,1
1,Nam,m,1
1,Naol,m,1
1,Natan,m,1
1,Navid,m,1
1,Naïl,m,1
1,Naïm,m,1
1,Ndashi,m,1
1,Nedim,m,1
1,Nehemia,m,1
1,Nelio-John,m,1
1,Nelio-Pasquale,m,1
1,Nelu,m,1
1,Nestor,m,1
1,Nhật,m,1
1,Nick,m,1
1,Nicolai,m,1
1,Nicolás,m,1
1,Nikas,m,1
1,Nikola,m,1
1,Nilo-Emilio,m,1
1,Nimo,m,1
1,Nimrod,m,1
1,Nis,m,1
1,Noa,m,1
1,Noah-Joel,m,1
1,Noah-Luan,m,1
1,Noah-Thomas,m,1
1,Noalin,m,1
1,Noam,m,1
1,Nojus,m,1
1,Numa,m,1
1,Nuno,m,1
1,Obaida,m,1
1,Ole-Erik,m,1
1,Oleksandr,m,1
1,Olivier,m,1
1,Onno,m,1
1,Osgar,m,1
1,Oskar-Alfred,m,1
1,Ossayd,m,1
1,Othman,m,1
1,Ove,m,1
1,Pablo,m,1
1,Paco,m,1
1,Pal,m,1
1,Pascal,m,1
1,Pau,m,1
1,Paulo,m,1
1,Pavle,m,1
1,Pedro,m,1
1,Phineas,m,1
1,Phung,m,1
1,Pietro,m,1
1,Piotr,m,1
1,Piro,m,1
1,Quang,m,1
1,Qusay,m,1
1,Rabie,m,1
1,Ragnar,m,1
1,Rahmat,m,1
1,Raik,m,1
1,Rami,m,1
1,Raphaël,m,1
1,Raslan,m,1
1,Rasmus,m,1
1,Raul,m,1
1,Rawad,m,1
1,Rawan,m,1
1,Rayhan,m,1
1,Rayo,m,1
1,Rehan,m,1
1,Reign,m,1
1,Rejan,m,1
1,Reyyan,m,1
1,Rezwan,m,1
1,Rico,m,1
1,Rihaan,m,1
1,Rikki,m,1
1,Riste,m,1
1,Roman,m,1
1,Ron,m,1
1,Rubab,m,1
1,Rudi,m,1
1,Rudolf,m,1
1,Ruwaid,m,1
1,Saddam,m,1
1,Sam-Owen,m,1
1,Sam,m,1
1,Sammy,m,1
1,Sanji,m,1
1,Santiago,m,1
1,Sarvagya,m,1
1,Sayed,m,1
1,Sean,m,1
1,Sened,m,1
1,Seyed,m,1
1,Shadad,m,1
1,Shahzad,m,1
1,Shayan,m,1
1,Sidney,m,1
1,Silas,m,1
1,Simo,m,1
1,Siraj,m,1
1,Skandar,m,1
1,Sobhan,m,1
1,Soel,m,1
1,Solomon,m,1
1,Steffen-Nick,m,1
1,Sufjan,m,1
1,Sulayman,m,1
1,Suleiman,m,1
1,Taha,m,1
1,Talha,m,1
1,Tamazi,m,1
1,Tarje,m,1
1,Taron,m,1
1,Tauhid,m,1
1,Taym,m,1
1,Temur,m,1
1,Teoman,m,1
1,Teym,m,1
1,Thales,m,1
1,Thees,m,1
1,Thilo,m,1
1,Thomes,m,1
1,Thommy-Peter,m,1
1,Thorbjörn,m,1
1,Thorian,m,1
1,Tiago,m,1
1,Tidan,m,1
1,Tilas,m,1
1,Tillmann,m,1
1,Tilman,m,1
1,Timba,m,1
1,Timon,m,1
1,Timotheus,m,1
1,Tjelle,m,1
1,Toni,m,1
1,Tonio,m,1
1,Travis,m,1
1,Trương,m,1
1,Täve,m,1
1,Téo,m,1
1,Udayveer,m,1
1,Umar,m,1
1,Vadzid,m,1
1,Vaishav,m,1
1,Valentino,m,1
1,Valerio,m,1
1,Vato,m,1
1,Veaceslav,m,1
1,Victor,m,1
1,Viet,m,1
1,Vikus,m,1
1,Ville,m,1
1,Vin,m,1
1,Vinz,m,1
1,Vira,m,1
1,Vladimir,m,1
1,Vukan,m,1
1,Václav,m,1
1,Wael,m,1
1,Wanyu,m,1
1,Wasilij,m,1
1,Werner-Paul,m,1
1,Wilke,m,1
1,Wilko,m,1
1,William-Daniel,m,1
1,Wilson,m,1
1,Wlad,m,1
1,Xylas,m,1
1,Yahya,m,1
1,Yaman,m,1
1,Yamato,m,1
1,Yanik,m,1
1,Yannic,m,1
1,Yannick,m,1
1,Yano,m,1
1,Yared,m,1
1,Yari,m,1
1,Yaroslav,m,1
1,Yassin,m,1
1,Yazeed,m,1
1,Yeshua,m,1
1,Yonas,m,1
1,Yonathan,m,1
1,Yorin,m,1
1,Yoshua,m,1
1,Yosias,m,1
1,Youness,m,1
1,Younos,m,1
1,Youssof,m,1
1,Yousuf,m,1
1,Ypso,m,1
1,Yuhi,m,1
1,Yuka,m,1
1,Yun-U,m,1
1,Yuno,m,1
1,Yunus,m,1
1,Yusuf,m,1
1,Yzak,m,1
1,Zaciharias,m,1
1,Zagros,m,1
1,Zalán,m,1
1,Zayd,m,1
1,Zeid,m,1
1,Zein,m,1
1,Zeno,m,1
1,Zidane,m,1
1,Zéphir,m,1
1,Árpád,m,1
1,Élias,m,1
1,Đang,m,1
1,Đăng,m,1
1,Abbie,w,2
1,Abdi,w,2
1,Adelaida,w,2
1,Adelia,w,2
1,Adoma,w,2
1,Ahmad,w,2
1,Ahmed,w,2
1,Aileen,w,2
1,Alana,w,2
1,Albertine,w,2
1,Aldona,w,2
1,Alegna,w,2
1,Alejandra,w,2
1,Aleksandrovna,w,2
1,Alesha,w,2
1,Alexa,w,2
1,Aleyah,w,2
1,Alia,w,2
1,Alison,w,2
1,Alita,w,2
1,Alizee,w,2
1,Alma,w,2
1,Alva,w,2
1,Amado,w,2
1,Amalie,w,2
1,Amanda,w,2
1,Amanita,w,2
1,Amber,w,2
1,Amilia,w,2
1,Amira,w,2
1,Ammar,w,2
1,Amougou,w,2
1,Anais,w,2
1,Anastasia,w,2
1,Anatoliivna,w,2
1,Anays,w,2
1,Andrea,w,2
1,Andreevna,w,2
1,Anett,w,2
1,Angeliman,w,2
1,Angelique,w,2
1,Anita,w,2
1,Anke,w,2
1,Annabel,w,2
1,Annabelle,w,2
1,Annalena,w,2
1,Annemarie,w,2
1,Annett,w,2
1,Annette,w,2
1,Antje,w,2
1,Arthelais,w,2
1,Arturivna,w,2
1,Arwen,w,2
1,Arya,w,2
1,Astrid,w,2
1,Asunción,w,2
1,Auguste,w,2
1,Augustine,w,2
1,Aurelie,w,2
1,Ava,w,2
1,Avi,w,2
1,Aylin,w,2
1,Bao-Vy,w,2
1,Bastienne,w,2
1,Baya,w,2
1,Berenike,w,2
1,Berta,w,2
1,Bianka,w,2
1,Billie,w,2
1,Bảo,w,2
1,Calu,w,2
1,Calíope,w,2
1,Camila,w,2
1,Camilla,w,2
1,Camille,w,2
1,Carola,w,2
1,Caroline,w,2
1,Catherina,w,2
1,Cathleen,w,2
1,Caya,w,2
1,Cecilia,w,2
1,Chantale,w,2
1,Chanthy,w,2
1,Charissa,w,2
1,Charlott,w,2
1,Charlotta,w,2
1,Charmayne,w,2
1,Chloe,w,2
1,Chloé,w,2
1,Christine,w,2
1,Ciara,w,2
1,Claudia,w,2
1,Cleo,w,2
1,Cleonore,w,2
1,Coco,w,2
1,Coralie,w,2
1,Cornelia,w,2
1,Cosima,w,2
1,Daya,w,2
1,Defne,w,2
1,Denysovič,w,2
1,Dereje,w,2
1,Diamond,w,2
1,Diễm,w,2
1,Dominion,w,2
1,Donatella,w,2
1,Dora,w,2
1,Edda,w,2
1,Edeltraud,w,2
1,Edemivna,w,2
1,Eden,w,2
1,Eileen,w,2
1,Elandra,w,2
1,Elaya,w,2
1,Eleni,w,2
1,Elenora,w,2
1,Elfi,w,2
1,Elfriede,w,2
1,Elif,w,2
1,Elis,w,2
1,Eliya,w,2
1,Elly,w,2
1,Elora,w,2
1,Elvira,w,2
1,Eléa,w,2
1,Emilie,w,2
1,Emine,w,2
1,Esme,w,2
1,Estelle,w,2
1,Estera,w,2
1,Eveline,w,2
1,Evie,w,2
1,Faisal,w,2
1,Fay,w,2
1,Fee,w,2
1,Felizitas,w,2
1,Fine,w,2
1,Finja,w,2
1,Fiori,w,2
1,Fleur,w,2
1,Flore,w,2
1,Francisca,w,2
1,Franziska,w,2
1,Frederika,w,2
1,Frederike,w,2
1,Frey,w,2
1,Freyja,w,2
1,Frida,w,2
1,Gemma,w,2
1,Gerda,w,2
1,Gesine,w,2
1,Grace,w,2
1,Gudrun,w,2
1,Hana,w,2
1,Hannah,w,2
1,Hedi,w,2
1,Hedwig,w,2
1,Heida,w,2
1,Heleen,w,2
1,Helena,w,2
1,Heleni,w,2
1,Hella,w,2
1,Heloise,w,2
1,Henrietta,w,2
1,Herta,w,2
1,Hilary,w,2
1,Hilda,w,2
1,Hilde,w,2
1,Hlas,w,2
1,Holle,w,2
1,Hoài,w,2
1,Hân,w,2
1,Ilieva,w,2
1,Imke,w,2
1,Ina,w,2
1,Indila,w,2
1,Inge,w,2
1,Ingeburg,w,2
1,Irene,w,2
1,Irina,w,2
1,Irma,w,2
1,Irmel,w,2
1,Irmgard,w,2
1,Irupé,w,2
1,Isabell,w,2
1,Isabelle,w,2
1,Ishka,w,2
1,Iwa,w,2
1,James,w,2
1,Jamie,w,2
1,Jean,w,2
1,Jessey,w,2
1,Jessica,w,2
1,Jincheng,w,2
1,Joana,w,2
1,Joanna,w,2
1,Johana,w,2
1,Jolanda,w,2
1,Josefin,w,2
1,Josepìvna,w,2
1,Judith,w,2
1,Jueli,w,2
1,Jule,w,2
1,Juliana,w,2
1,Julika,w,2
1,Julka,w,2
1,Juna,w,2
1,Jutta,w,2
1,Júlia,w,2
1,Kaarina,w,2
1,Kalea,w,2
1,Karla,w,2
1,Karli,w,2
1,Karline,w,2
1,Karoline,w,2
1,Katerina,w,2
1,Kathi,w,2
1,Katie,w,2
1,Kerstin,w,2
1,Khanam,w,2
1,Kimiko,w,2
1,Klara,w,2
1,Klára,w,2
1,Kyara,w,2
1,Käte,w,2
1,Lanea,w,2
1,Lara,w,2
1,Laura,w,2
1,Laureen,w,2
1,Layla,w,2
1,Leila,w,2
1,Lelle,w,2
1,Lena,w,2
1,Lenchen,w,2
1,Lene,w,2
1,Lenea,w,2
1,Lenja,w,2
1,Leona,w,2
1,Leticia,w,2
1,Leyla,w,2
1,Lia,w,2
1,Liane,w,2
1,Lianne,w,2
1,Liara,w,2
1,Lielle,w,2
1,Lilian,w,2
1,Lilli,w,2
1,Linea,w,2
1,Linnea,w,2
1,Lisa,w,2
1,Livia,w,2
1,Lordina,w,2
1,Lorelai,w,2
1,Louane,w,2
1,Louanne,w,2
1,Lovis,w,2
1,Lovisa,w,2
1,Luana,w,2
1,Luitgard,w,2
1,Lupina,w,2
1,Luzia,w,2
1,Lydia,w,2
1,Lykka,w,2
1,Lysann,w,2
1,Madeleine,w,2
1,Magalie,w,2
1,Magdalene,w,2
1,Magomedovna,w,2
1,Maheli,w,2
1,Mahina,w,2
1,Maia,w,2
1,Mailin,w,2
1,Majolie,w,2
1,Maksimivna,w,2
1,Maksimovna,w,2
1,Maksimìvna,w,2
1,Malinka,w,2
1,Malvina,w,2
1,Mandy,w,2
1,Maraya,w,2
1,Margareth,w,2
1,Margaretha,w,2
1,Margaréta,w,2
1,Margit,w,2
1,Mari,w,2
1,Marian,w,2
1,Mariechen,w,2
1,Marija,w,2
1,Mariona,w,2
1,Marla,w,2
1,Marleen,w,2
1,Marta,w,2
1,Masumi,w,2
1,Mateeva,w,2
1,Matilde,w,2
1,Maximiliane,w,2
1,Mayleen,w,2
1,Maëlle,w,2
1,Mechthild,w,2
1,Melek,w,2
1,Melia,w,2
1,Melinda,w,2
1,Merci,w,2
1,Meryem,w,2
1,Michaela,w,2
1,Michele,w,2
1,Mika,w,2
1,Mikolaïvna,w,2
1,Mila,w,2
1,Milou,w,2
1,Mina,w,2
1,Minea,w,2
1,Minh,w,2
1,Minou,w,2
1,Minu,w,2
1,Mitzi,w,2
1,Moustafa,w,2
1,Muriel,w,2
1,Mykhailivna,w,2
1,Mylaine,w,2
1,Myléne,w,2
1,Myra,w,2
1,Naima,w,2
1,Nami,w,2
1,Nanda,w,2
1,Nanuk,w,2
1,Naomi,w,2
1,Nayeli,w,2
1,Ndeshipanda,w,2
1,Nedjma,w,2
1,Nefertari,w,2
1,Neva,w,2
1,Nguyên,w,2
1,Nhi,w,2
1,Nhật,w,2
1,Nicole,w,2
1,Nicolle,w,2
1,Nike,w,2
1,Nikola,w,2
1,Nikolaeva,w,2
1,Ninon,w,2
1,Nisarga,w,2
1,Noa,w,2
1,Noelia,w,2
1,Noelle,w,2
1,Noralie,w,2
1,Nori,w,2
1,Nouraldin,w,2
1,Noëmi,w,2
1,Nur,w,2
1,Ola,w,2
1,Oleksìïvna,w,2
1,Omar,w,2
1,Omorinsola,w,2
1,Ophelia,w,2
1,Orkhan,w,2
1,Oye,w,2
1,Paige,w,2
1,Paula,w,2
1,Paulin,w,2
1,Paulina,w,2
1,Peace,w,2
1,Penelope,w,2
1,Peyton,w,2
1,Pheline,w,2
1,Philine,w,2
1,Philippa,w,2
1,Phung,w,2
1,Phương,w,2
1,Pia,w,2
1,Queen,w,2
1,Ragna,w,2
1,Raisa,w,2
1,Rami,w,2
1,Rasulovna,w,2
1,Rea,w,2
1,Renate,w,2
1,Rima,w,2
1,Rita,w,2
1,Romanivna,w,2
1,Ronja,w,2
1,Roselly,w,2
1,Rosemarie,w,2
1,Rosenova,w,2
1,Rosenrot,w,2
1,Roswitha,w,2
1,Runa,w,2
1,Sabrina,w,2
1,Safia,w,2
1,Sahar,w,2
1,Saleem,w,2
1,Salli,w,2
1,Salomé,w,2
1,Sandy,w,2
1,Sanja,w,2
1,Saoirse,w,2
1,Saphira,w,2
1,Sarah,w,2
1,Sare,w,2
1,Savannah,w,2
1,Sehra,w,2
1,Serafina,w,2
1,Sibell,w,2
1,Simone,w,2
1,Sofie,w,2
1,Solea,w,2
1,Solveig,w,2
1,Solène,w,2
1,Sonja,w,2
1,Sontje,w,2
1,Sunja,w,2
1,Suri,w,2
1,Susan,w,2
1,Sybille,w,2
1,Sylvie,w,2
1,Tabea,w,2
1,Tallulah,w,2
1,Tamina,w,2
1,Tania,w,2
1,Tanya,w,2
1,Tesfit,w,2
1,Thalia,w,2
1,Thao,w,2
1,Theresa,w,2
1,Theresia,w,2
1,Thorvi,w,2
1,Tilda,w,2
1,Tilia,w,2
1,Tillie,w,2
1,Tinevimbo,w,2
1,Tjara,w,2
1,Tosca,w,2
1,Tulkinjon,w,2
1,Ulrike,w,2
1,Umer,w,2
1,Ursula,w,2
1,Valeria,w,2
1,Valerie,w,2
1,Verena,w,2
1,Veronika,w,2
1,Victòria,w,2
1,Viera,w,2
1,Viktorivna,w,2
1,Vitaliivna,w,2
1,Vittoria,w,2
1,Vladyslavivna,w,2
1,Vân,w,2
1,Walda,w,2
1,Wanda,w,2
1,Wilhelmina,w,2
1,Xinyue,w,2
1,Yeboah,w,2
1,Yola,w,2
1,Yolanda,w,2
1,Yosara,w,2
1,Yuri,w,2
1,Zavaevna,w,2
1,Zelda,w,2
1,Ziiad,w,2
1,Zita,w,2
1,Zoey,w,2
1,Zoé,w,2
1,Élise,w,2
1,Ìvanìvna,w,2
1,Đan,w,2
1,Şeyda,w,2
1,Aaron,m,2
1,Abbas,m,2
1,Abdulbasit,m,2
1,Abdulhakim,m,2
1,Abel,m,2
1,Achille,m,2
1,Adom,m,2
1,Agha,m,2
1,Ahad,m,2
1,Ahlas,m,2
1,Ahmed,m,2
1,Aimé,m,2
1,Aitor,m,2
1,Akyem,m,2
1,Alastor,m,2
1,Alberr,m,2
1,Aleksandrovich,m,2
1,Aleksandrovič,m,2
1,Alessandro,m,2
1,Alex,m,2
1,Alexandru,m,2
1,Alfaruk,m,2
1,Alfie,m,2
1,Ali,m,2
1,Allah,m,2
1,Alrahman,m,2
1,Alvin,m,2
1,Amadeus,m,2
1,Amani,m,2
1,Amarit,m,2
1,Amiel,m,2
1,Amin,m,2
1,Anders,m,2
1,Andreevych,m,2
1,Andrianovič,m,2
1,Andriiovych,m,2
1,Andriivych,m,2
1,Andrijovyč,m,2
1,Anouk,m,2
1,Antonio,m,2
1,Antonius,m,2
1,Antonín,m,2
1,Are,m,2
1,Argjend,m,2
1,Aristides,m,2
1,Ariyan,m,2
1,Arjen,m,2
1,Armik,m,2
1,Armin,m,2
1,Arno,m,2
1,Arshman,m,2
1,Artur,m,2
1,Arturovich,m,2
1,Asaf,m,2
1,Asani,m,2
1,Asher,m,2
1,Atlas,m,2
1,Attila,m,2
1,Augustin,m,2
1,Aurelio,m,2
1,Aurelius,m,2
1,Aureluis,m,2
1,Aurélio,m,2
1,Awab,m,2
1,Axel,m,2
1,Ayebare,m,2
1,Baldur,m,2
1,Baran,m,2
1,Barnabas,m,2
1,Bastian,m,2
1,Beau,m,2
1,Bechir,m,2
1,Benedict,m,2
1,Benedykt,m,2
1,Benett,m,2
1,Benhur,m,2
1,Bennet,m,2
1,Benno,m,2
1,Blu,m,2
1,Bodo,m,2
1,Bohdanovič,m,2
1,Bonchev,m,2
1,Caitanya,m,2
1,Camil,m,2
1,Carlo,m,2
1,Carlos,m,2
1,Carlson,m,2
1,Catriel,m,2
1,Chase,m,2
1,Chau,m,2
1,Christof,m,2
1,Cian,m,2
1,Clemens,m,2
1,Collin,m,2
1,Conny,m,2
1,Conrad,m,2
1,Constantin,m,2
1,Cornelius,m,2
1,Cosmo,m,2
1,Cy,m,2
1,Cypress,m,2
1,Danian,m,2
1,Dante,m,2
1,Daryl,m,2
1,Deluca,m,2
1,Deniz,m,2
1,Denyon,m,2
1,Denysovych,m,2
1,Dimitarov,m,2
1,Dimitri,m,2
1,Douglas,m,2
1,Dumebi,m,2
1,Dũng,m,2
1,Ed,m,2
1,Eden,m,2
1,Edwin,m,2
1,Eginhard,m,2
1,Egon,m,2
1,Eitan,m,2
1,Elan,m,2
1,Eleazar,m,2
1,Eli,m,2
1,Eliah,m,2
1,Elmar,m,2
1,Emilius,m,2
1,Emmanuel,m,2
1,Emmett,m,2
1,Emre,m,2
1,Enno,m,2
1,Erasmus,m,2
1,Eren,m,2
1,Erik,m,2
1,Ernst,m,2
1,Erwin,m,2
1,Etienne,m,2
1,Eyidi,m,2
1,Ezra,m,2
1,Fadi,m,2
1,Faiz,m,2
1,Falko,m,2
1,Ferenc,m,2
1,Fidelius,m,2
1,Fiete,m,2
1,Fietje,m,2
1,Fil,m,2
1,Filip,m,2
1,Fin,m,2
1,Finian,m,2
1,Finnley,m,2
1,Fiore,m,2
1,Fitz,m,2
1,Floki,m,2
1,Florus,m,2
1,Flynn,m,2
1,Fon,m,2
1,Francisco,m,2
1,Frederic,m,2
1,Frederich,m,2
1,Frederick,m,2
1,Frey,m,2
1,Frido,m,2
1,Friedemann,m,2
1,Fynn,m,2
1,Gael,m,2
1,Gerardo,m,2
1,Gerhard,m,2
1,Gerrit,m,2
1,Gregor,m,2
1,Grzegorz,m,2
1,Günther,m,2
1,Hamza,m,2
1,Hansel,m,2
1,Hansen,m,2
1,Harald,m,2
1,Harper,m,2
1,Hartwig,m,2
1,Hasan,m,2
1,Hasanain,m,2
1,Hashim,m,2
1,Heiko,m,2
1,Heinrich,m,2
1,Helal,m,2
1,Henning,m,2
1,Henrik,m,2
1,Holg,m,2
1,Holger,m,2
1,Homayon,m,2
1,Hristov,m,2
1,Ian,m,2
1,Iancu,m,2
1,Idriz,m,2
1,Ilias,m,2
1,Iliyanov,m,2
1,Ilkhomovich,m,2
1,Immanuel,m,2
1,Imran,m,2
1,Ingi,m,2
1,Ingo,m,2
1,Ismail,m,2
1,Ivanov,m,2
1,Iñaki,m,2
1,Jackson,m,2
1,Jahn,m,2
1,Jakup,m,2
1,Jamie,m,2
1,Janne,m,2
1,Jannes,m,2
1,Jari,m,2
1,Jarle,m,2
1,Jascha,m,2
1,Jasiri,m,2
1,Jasour,m,2
1,Jasper,m,2
1,Jean,m,2
1,Jeonghwan,m,2
1,Jesugbogotan,m,2
1,Jesus,m,2
1,Jim,m,2
1,Joaquim,m,2
1,John,m,2
1,Jonas,m,2
1,Joris,m,2
1,Jorn,m,2
1,Joscha,m,2
1,Joseph,m,2
1,Joshua,m,2
1,José,m,2
1,Joél,m,2
1,Jul,m,2
1,Juliano,m,2
1,Julio,m,2
1,Jure,m,2
1,Justus,m,2
1,Kael,m,2
1,Kaimana,m,2
1,Kalle,m,2
1,Kanja,m,2
1,Karli,m,2
1,Kazmi,m,2
1,Khamphouy,m,2
1,Kilian,m,2
1,Kiran,m,2
1,Kirdan,m,2
1,Knut,m,2
1,Kobichimha,m,2
1,Komla,m,2
1,Kyano,m,2
1,Lamar,m,2
1,Lars,m,2
1,Leandro,m,2
1,Lee,m,2
1,Leevi,m,2
1,Lennard,m,2
1,Leonard,m,2
1,Leonardo,m,2
1,Leonhard,m,2
1,Leonidovič,m,2
1,Levio,m,2
1,Levon,m,2
1,Liano,m,2
1,Lio,m,2
1,Lionel,m,2
1,Liyan,m,2
1,Loki,m,2
1,Louan,m,2
1,Love,m,2
1,Loïs,m,2
1,Luan,m,2
1,Luciano,m,2
1,Lucien,m,2
1,Lucius,m,2
1,Lupus,m,2
1,Lutz,m,2
1,Lux,m,2
1,Léon,m,2
1,Mads,m,2
1,Mahé,m,2
1,Maik,m,2
1,Majid,m,2
1,Maleo,m,2
1,Malte,m,2
1,Manoah,m,2
1,Marcellino,m,2
1,Maria,m,2
1,Marius,m,2
1,Marlin,m,2
1,Marlon,m,2
1,Martinov,m,2
1,Masha,m,2
1,Mathias,m,2
1,Matthias,m,2
1,Matti,m,2
1,Mattia,m,2
1,Matz,m,2
1,Maze,m,2
1,Mehari,m,2
1,Mhretab,m,2
1,Mi-Nuo,m,2
1,Micheale,m,2
1,Mihai,m,2
1,Mihajlovič,m,2
1,Mika,m,2
1,Mikail,m,2
1,Milan,m,2
1,Milano,m,2
1,Milosh,m,2
1,Milow,m,2
1,Miro,m,2
1,Mladenov,m,2
1,Moh'd,m,2
1,Mohammed,m,2
1,Moisés,m,2
1,Mori,m,2
1,Moska,m,2
1,Mostafa,m,2
1,Muaz,m,2
1,Musa,m,2
1,Mykytovych,m,2
1,Nadim,m,2
1,Naim,m,2
1,Nana,m,2
1,Narius,m,2
1,Nassim,m,2
1,Nathanael,m,2
1,Neal,m,2
1,Nepomuk,m,2
1,Nero,m,2
1,Nicholas,m,2
1,Niclas,m,2
1,Nicolas,m,2
1,Nidal,m,2
1,Nikias,m,2
1,Nikitič,m,2
1,Niklas,m,2
1,Nikolai,m,2
1,Nikolaus,m,2
1,Nilay,m,2
1,Nils,m,2
1,Nino,m,2
1,Nio,m,2
1,Niran,m,2
1,Nizar,m,2
1,Nolan,m,2
1,Noé,m,2
1,Nuri,m,2
1,Octavian,m,2
1,Okum,m,2
1,Ola,m,2
1,Olanrewaju,m,2
1,Oleksandrovich,m,2
1,Oleksii,m,2
1,Olivier,m,2
1,Ono,m,2
1,Orion,m,2
1,Osman,m,2
1,Owusu,m,2
1,Paavo,m,2
1,Panagiotis,m,2
1,Pascal,m,2
1,Pavlovich,m,2
1,Pavlovič,m,2
1,Peo,m,2
1,Percy,m,2
1,Perminus,m,2
1,Petro,m,2
1,Phil,m,2
1,Phillip,m,2
1,Piero,m,2
1,Pino,m,2
1,Piotr,m,2
1,Pontus,m,2
1,Prince,m,2
1,Péter,m,2
1,Qotaeba,m,2
1,Quang,m,2
1,Quentin,m,2
1,Quinn,m,2
1,Rabeh,m,2
1,Rafael,m,2
1,Raffael,m,2
1,Ralph,m,2
1,Rayan,m,2
1,Rayen,m,2
1,Reik,m,2
1,Remedan,m,2
1,Reza,m,2
1,Rezi,m,2
1,Ricardo,m,2
1,Roberto,m,2
1,Romanovych,m,2
1,Ronny,m,2
1,Rouven,m,2
1,Rudi,m,2
1,Rudolf,m,2
1,Ruven,m,2
1,Salawu,m,2
1,Salomon,m,2
1,Sami,m,2
1,Samir,m,2
1,Samu,m,2
1,Santiago,m,2
1,Schamal,m,2
1,Sergijovič,m,2
1,Serhiiovych,m,2
1,Siegfried,m,2
1,Siegmar,m,2
1,Simeonov,m,2
1,Simon,m,2
1,Sly,m,2
1,Soa,m,2
1,Soan,m,2
1,Steffen-Frank,m,2
1,Steffen,m,2
1,Stephan,m,2
1,Sven,m,2
1,Taavi,m,2
1,Tadeusz,m,2
1,Tamo,m,2
1,Tarek,m,2
1,Tavi,m,2
1,Thies,m,2
1,Thorben,m,2
1,Tiberius,m,2
1,Tilmann,m,2
1,Tim,m,2
1,Titus,m,2
1,Toivo,m,2
1,Tomke,m,2
1,Tran,m,2
1,Trung,m,2
1,Turgay,m,2
1,Udo,m,2
1,Usman,m,2
1,Vadymovič,m,2
1,Valdemar,m,2
1,Valerian,m,2
1,Valerius,m,2
1,Veras,m,2
1,Vernier,m,2
1,Vero,m,2
1,Viacheslavovych,m,2
1,Vicente,m,2
1,Victor,m,2
1,Vincent,m,2
1,Vinh,m,2
1,Vinicius,m,2
1,Vito,m,2
1,Vladimir,m,2
1,Volker,m,2
1,Vuong,m,2
1,Vựơng,m,2
1,Wahid,m,2
1,Wail,m,2
1,Waldemar,m,2
1,Walter,m,2
1,Wanja,m,2
1,Wido,m,2
1,Wilfried,m,2
1,Wisam,m,2
1,Wriya,m,2
1,Wyatt,m,2
1,Xaver,m,2
1,Xerxes,m,2
1,Xinghai,m,2
1,Xuan,m,2
1,Yakub,m,2
1,Yazan,m,2
1,Yaşar,m,2
1,Younes,m,2
1,Yunus,m,2
1,Yuxuan,m,2
1,Zacarias,m,2
1,Zeyd,m,2
1,Ánh,m,2
1,Çapan,m,2
1,Êvgenovič,m,2
1,Đăng,m,2
1,Đức,m,2
1,Šimo,m,2
1,Adanna,w,3
1,Ahlem,w,3
1,Ahmed,w,3
1,Aimée,w,3
1,An,w,3
1,Angelina,w,3
1,Annegret,w,3
1,Anni,w,3
1,Anouk,w,3
1,Antonia,w,3
1,Aspiras,w,3
1,Aurora,w,3
1,Birgit,w,3
1,Blessing,w,3
1,Bärbel,w,3
1,Bảo,w,3
1,Charlott,w,3
1,Charlotte,w,3
1,Châu,w,3
1,Diana,w,3
1,Dominique,w,3
1,Edith,w,3
1,Eleonore,w,3
1,Elisa,w,3
1,Elisabeth,w,3
1,Elke,w,3
1,Emma,w,3
1,Esmeralda,w,3
1,Esperanza,w,3
1,Fedelma,w,3
1,Felicitas,w,3
1,Firas,w,3
1,Flor,w,3
1,Florence,w,3
1,Florentine,w,3
1,Fritzi,w,3
1,Gabriele,w,3
1,Gerlinde,w,3
1,Hazel,w,3
1,Helena,w,3
1,Hilda,w,3
1,Huyen,w,3
1,Hạ,w,3
1,Jacqueline,w,3
1,Jana,w,3
1,Jenny,w,3
1,Johanna,w,3
1,Jutta,w,3
1,Karlotta,w,3
1,Katharina,w,3
1,Kenny,w,3
1,Kimberly,w,3
1,Lieselotte,w,3
1,Linh,w,3
1,Linnea,w,3
1,Luna,w,3
1,Maelice,w,3
1,Maeve,w,3
1,Magalie,w,3
1,Mai-Linh,w,3
1,Malve,w,3
1,Manon,w,3
1,Margarete,w,3
1,Marion,w,3
1,Masaud,w,3
1,Mohammed,w,3
1,Monika,w,3
1,My,w,3
1,Nancy,w,3
1,Pascale,w,3
1,Pauline,w,3
1,Philine,w,3
1,Renata,w,3
1,Rosa,w,3
1,Rose,w,3
1,Rosemarie,w,3
1,Ruby,w,3
1,Samir,w,3
1,Shakuur,w,3
1,Simona,w,3
1,Sophie,w,3
1,Summer,w,3
1,Thalia,w,3
1,Thảo,w,3
1,Valeria,w,3
1,Velichkova,w,3
1,Victoria,w,3
1,Vy,w,3
1,Waldtraut,w,3
1,Yaqoob,w,3
1,Yasin,w,3
1,Adam,m,3
1,Ahmed,m,3
1,Akinóla,m,3
1,Albert,m,3
1,Aleksei,m,3
1,Alexander,m,3
1,Ali,m,3
1,An,m,3
1,Anatoli,m,3
1,Andreas,m,3
1,André,m,3
1,Anton,m,3
1,Augustin,m,3
1,Axel,m,3
1,Caesarius,m,3
1,Christian,m,3
1,Christoph,m,3
1,Daniel,m,3
1,Dieter,m,3
1,Dmitrievič,m,3
1,Do,m,3
1,Dương,m,3
1,Eduard,m,3
1,Elliot,m,3
1,Emin,m,3
1,Eromonsele,m,3
1,Franz,m,3
1,Friedrich,m,3
1,Fritz,m,3
1,Georges,m,3
1,Gorkhmaz,m,3
1,Gregor,m,3
1,Guma,m,3
1,Hans,m,3
1,Hashim,m,3
1,Heinrich,m,3
1,Henrik,m,3
1,Henry,m,3
1,Huy,m,3
1,Ikechukwu,m,3
1,Immanuel,m,3
1,John,m,3
1,Josef,m,3
1,Julius,m,3
1,Jupp,m,3
1,Kasimir,m,3
1,Kaspar,m,3
1,Kwame,m,3
1,Leon,m,3
1,Leopold,m,3
1,Lior,m,3
1,Lothar,m,3
1,Lou,m,3
1,Louie,m,3
1,Ludwig,m,3
1,Lutz,m,3
1,Magnus,m,3
1,Mahé,m,3
1,Malinó,m,3
1,Manfred,m,3
1,Martin,m,3
1,Max,m,3
1,Maximilian,m,3
1,Mike,m,3
1,Mohammad,m,3
1,Mohammed,m,3
1,Natarajan,m,3
1,Nils,m,3
1,Noah,m,3
1,Nyanga,m,3
1,Oliver,m,3
1,Olivier,m,3
1,Papillon,m,3
1,Patrick,m,3
1,Peter,m,3
1,René,m,3
1,Rolf,m,3
1,Rosa,m,3
1,Sabr,m,3
1,Salah,m,3
1,Samir,m,3
1,Stephan,m,3
1,Sulayman,m,3
1,Tané,m,3
1,Thanh,m,3
1,Thomas,m,3
1,Tiberius,m,3
1,Timoléon,m,3
1,Udo,m,3
1,Ulf,m,3
1,Uwe,m,3
1,Valentin,m,3
1,Valur,m,3
1,Vidar,m,3
1,Willi,m,3
1,Wolf,m,3
1,Wolfgang,m,3
1,Abdulazim,w,4
1,Anh,w,4
1,Freya,w,4
1,Grit,w,4
1,Vanellope,w,4
1,Ali,m,4
1,Long,m,4
1,Mahdi,m,4
1,Ralph,m,4
1,Uz,m,4